"Word","frequency"
"aamir",2
"aaron",2
"abcs",2
"abide",2
"ability",10
"able",28
"abortion",3
"about",317
"above",18
"abroad",4
"absolutely",7
"abundance",2
"abuse",3
"abused",2
"academic",6
"academics",3
"academy",4
"acc",2
"accent",2
"accents",2
"accept",11
"acceptable",2
"accepted",4
"accepting",3
"access",10
"accessibility",2
"accident",3
"accidental",2
"accidentally",4
"accommodate",2
"accompany",2
"accomplish",6
"accomplishment",3
"according",21
"account",16
"accounts",4
"accuracy",2
"accurate",5
"accurately",2
"accused",2
"ace",2
"achieve",2
"achievement",5
"achieving",3
"acid",4
"acknowledge",2
"acknowledged",4
"acl",3
"acme",2
"acquisition",2
"acres",2
"acrisius",3
"across",18
"acrylic",2
"act",11
"acted",3
"acting",4
"action",15
"actions",3
"active",2
"activist",2
"activists",4
"activities",9
"activity",4
"actor",2
"actors",2
"actress",2
"acts",2
"actual",6
"actually",33
"adams",6
"adapted",2
"add",17
"addams",2
"added",12
"addicted",2
"addiction",2
"adding",6
"addition",10
"additional",6
"address",10
"addresses",3
"adds",2
"adjust",2
"adjustment",2
"administration",4
"administrative",3
"administrator",2
"administrators",2
"admission",3
"admit",6
"admitted",3
"adopted",4
"adoptive",2
"adore",4
"adresses",2
"ads",2
"adult",3
"adults",8
"advance",3
"advanced",2
"advantage",4
"adventure",3
"adversity",2
"advertising",2
"advice",10
"adviser",3
"advisory",2
"advocated",2
"advocates",2
"affair",5
"affairs",3
"affect",5
"affection",2
"afford",6
"affordable",5
"afghanistan",3
"afraid",5
"africa",5
"after",165
"afternoon",9
"afterward",2
"afterwards",2
"again",66
"against",35
"age",20
"agencies",5
"agency",13
"agenda",5
"agent",5
"agents",3
"ages",2
"aging",3
"ago",35
"agree",7
"agreed",6
"agreement",5
"agreements",3
"ahead",14
"ahi",3
"ahold",2
"aid",5
"aim",3
"aims",2
"aint",8
"air",20
"airbnb",2
"airlines",3
"airpopped",2
"airport",5
"aisles",2
"akron",4
"alabama",3
"alarm",4
"alas",2
"alaska",2
"alawlaki",2
"albert",3
"alberta",2
"album",15
"alcohol",5
"ale",2
"alert",4
"alex",6
"alice",2
"aliens",2
"alig",2
"alike",4
"alive",3
"all",293
"allegations",2
"alleged",5
"allen",2
"alliance",3
"allies",2
"allison",2
"allow",5
"allowance",3
"allowed",8
"allowing",7
"allows",5
"allstar",3
"almost",29
"alone",16
"along",23
"alongside",3
"already",36
"alright",8
"also",145
"altered",2
"alternate",3
"alternative",5
"although",22
"altogether",3
"always",67
"amand",2
"amazed",2
"amazing",36
"amazon",5
"amen",4
"amendment",2
"america",10
"american",18
"americans",8
"americas",3
"amid",3
"ammunition",3
"among",23
"amount",11
"amusing",2
"amy",3
"anaheim",2
"analysis",5
"analysts",3
"analytics",2
"anchor",2
"and",2430
"anderson",2
"andor",2
"andrew",3
"android",5
"andy",3
"angel",3
"angeles",5
"angels",2
"anger",6
"angry",3
"animal",8
"animals",3
"ankle",2
"ann",2
"anna",4
"anne",3
"anniversary",3
"announced",9
"announcement",3
"annoyed",2
"annoying",4
"annual",6
"annually",2
"another",70
"answer",16
"answers",2
"antebellum",2
"anthem",2
"anthony",4
"antistatist",2
"anwar",2
"anxiety",2
"any",97
"anybody",4
"anyhow",2
"anymore",16
"anyone",34
"anything",45
"anytime",3
"anyway",16
"anyways",2
"anywhere",3
"apart",10
"apartment",3
"apologize",4
"apology",2
"app",9
"apparent",4
"apparently",8
"appeal",2
"appear",5
"appearances",2
"appeared",6
"appears",9
"applauding",2
"apple",5
"apples",5
"application",3
"applications",3
"applied",2
"apply",3
"appointment",2
"appreciate",6
"appreciative",2
"approach",6
"approachable",2
"approaches",3
"appropriate",3
"approval",4
"approved",6
"apps",3
"appt",2
"april",18
"arduino",2
"are",463
"area",14
"areas",9
"arena",5
"arent",13
"argentina",2
"argue",3
"arguing",2
"arizona",6
"arm",3
"armed",3
"arms",5
"army",4
"around",58
"arrangement",2
"arrest",7
"arrested",9
"arrive",3
"arrived",6
"arrogant",2
"art",16
"arthur",2
"artichoke",2
"article",12
"articles",4
"artificial",2
"artist",10
"artistic",3
"artists",4
"arts",10
"asap",4
"asia",3
"asian",4
"aside",3
"ask",24
"asked",31
"asking",14
"asks",5
"asleep",8
"asner",2
"aspiring",2
"ass",14
"assad",2
"assault",3
"assemblyman",2
"asses",2
"assessment",3
"assets",2
"asshole",2
"assigned",3
"assignments",2
"assistance",2
"assistant",4
"assists",2
"associate",2
"associated",5
"association",10
"assume",4
"assuming",2
"assured",2
"asthma",2
"astros",2
"ate",10
"athlete",2
"athletes",3
"atlanta",4
"atmosphere",3
"atp",2
"attack",4
"attacked",5
"attacks",3
"attempt",7
"attempted",3
"attempting",2
"attend",3
"attendance",2
"attended",4
"attending",4
"attention",10
"attic",4
"attitude",3
"attorney",14
"attorneys",5
"attract",2
"attractive",2
"attributes",2
"aubrey",2
"auburn",2
"auction",3
"audience",3
"audiences",3
"audio",3
"audition",3
"aug",2
"august",7
"aunt",3
"aussie",2
"austin",15
"australia",2
"authentic",4
"author",11
"authorities",4
"authority",3
"authors",2
"auto",3
"available",18
"ave",3
"avengers",4
"avenue",5
"average",3
"averaging",3
"avoid",5
"avoided",2
"awake",4
"award",5
"awards",6
"awareness",2
"away",48
"awe",2
"aweinspiring",2
"awesome",23
"awful",2
"awh",2
"awhile",4
"awkward",4
"babies",3
"baby",20
"baccarat",2
"bach",2
"bachelor",2
"bachmann",2
"back",173
"backed",3
"background",5
"backs",3
"backtoback",2
"backwards",3
"backyard",3
"bad",36
"badly",3
"bag",3
"bagels",2
"bags",3
"bail",3
"bailey",5
"bailout",2
"bajan",2
"bake",2
"baked",4
"baker",2
"baking",5
"balance",4
"balked",2
"ball",15
"ballet",3
"ballot",5
"balls",3
"baltimore",7
"band",7
"bands",2
"bang",4
"bank",8
"bankruptcy",5
"banks",8
"banned",2
"baptist",2
"bar",13
"barack",4
"barbara",5
"barbie",2
"barcelona",2
"barely",5
"bargain",2
"barn",4
"barney",2
"barrel",4
"bars",5
"base",9
"baseball",5
"based",11
"baseman",2
"basement",4
"bash",2
"basically",5
"basis",3
"basket",2
"basketball",7
"baskets",2
"bass",2
"bath",4
"bathroom",4
"bats",2
"battle",7
"battles",2
"battling",2
"bay",6
"bbq",5
"bday",2
"beach",12
"bead",2
"beadmaker",2
"beads",3
"beans",8
"bear",12
"beard",2
"bears",4
"beast",2
"beat",14
"beaten",4
"beating",2
"beats",2
"beautiful",24
"beautifully",2
"beauty",5
"became",18
"because",124
"become",21
"becomes",6
"becoming",6
"bed",15
"bedroom",4
"beef",7
"been",181
"beer",31
"beers",4
"beethoven",2
"beetle",2
"beets",2
"before",115
"began",9
"begin",6
"beginning",7
"begins",7
"begun",2
"behalf",3
"behavior",4
"behind",28
"beijing",2
"being",96
"beings",2
"belgium",2
"belial",2
"belief",4
"beliefs",2
"believe",27
"believed",7
"believes",7
"belleville",2
"bells",2
"belly",3
"belong",4
"belongings",2
"below",8
"belt",3
"ben",6
"benefit",7
"benefits",4
"benjamin",3
"bernie",2
"berry",2
"berth",2
"besides",5
"best",67
"bet",7
"beth",3
"bethany",2
"betrothal",2
"better",75
"between",33
"beverly",2
"beyond",11
"bfg",2
"bias",2
"bible",7
"bicycle",2
"bid",3
"bieber",3
"big",52
"bigger",11
"biggest",11
"bike",2
"bikes",3
"bikini",2
"bill",11
"billboard",2
"billion",12
"bills",5
"billy",3
"biltmore",2
"bin",4
"binder",2
"bio",3
"biography",2
"bipolar",2
"birth",2
"birthday",21
"bit",27
"bitch",7
"bitches",3
"bite",3
"bits",2
"bitterballen",2
"black",19
"blackburn",2
"blacks",2
"blade",4
"blah",6
"blaine",2
"blake",2
"blame",7
"blamed",3
"blaming",2
"blanket",3
"blazers",4
"blend",2
"blessed",3
"block",12
"blocks",4
"blog",26
"blogger",7
"bloggers",3
"blogging",5
"blogs",4
"blonde",2
"blood",6
"blow",3
"blown",2
"blows",3
"blue",8
"bluegrass",2
"blues",2
"blvd",2
"board",16
"boat",2
"bob",3
"bobblehead",2
"bobby",3
"bobcats",2
"bodhi",3
"bodies",4
"body",23
"boeheim",2
"boiling",2
"bolt",2
"bomb",2
"bombs",2
"bon",2
"bond",6
"bone",2
"bonnie",3
"bonus",3
"boo",7
"book",49
"booked",4
"booker",3
"books",18
"boost",4
"booth",4
"boots",3
"border",5
"bored",8
"bores",2
"boring",5
"born",13
"borrowing",2
"boss",9
"boston",6
"both",57
"bother",3
"bothered",2
"bottle",4
"bottles",2
"bottom",13
"bought",11
"bounce",3
"bound",3
"bout",6
"bowl",12
"bowls",3
"box",12
"boy",14
"boyfriend",8
"boys",9
"bracelet",2
"brad",2
"brain",3
"brains",2
"branch",3
"brand",9
"brandon",5
"brave",2
"bread",6
"break",16
"breakfast",11
"breaking",4
"breaks",4
"breakup",3
"breast",3
"breath",4
"breathe",2
"breathing",2
"breeze",3
"brenda",2
"brett",2
"brewers",3
"brewery",2
"brian",3
"brick",2
"bricks",2
"bridge",9
"bridgeton",2
"brief",3
"bright",6
"brighten",2
"brilliant",5
"brine",2
"bring",24
"bringing",9
"brings",8
"britain",2
"british",6
"bro",12
"broad",3
"broadcast",2
"broader",2
"broke",7
"broken",6
"broncos",2
"bronx",4
"bros",2
"brother",13
"brothers",8
"brought",14
"brown",8
"browns",3
"brownstein",3
"bruce",2
"brush",2
"brushing",2
"brussels",2
"brutally",2
"btw",2
"bucket",2
"bud",3
"buddha",2
"buddy",2
"budget",18
"budgets",2
"bueler",2
"build",10
"building",17
"buildings",2
"built",7
"bullet",3
"bullpen",2
"bulls",2
"bully",2
"bunch",5
"bunnies",2
"burden",2
"bureau",2
"bureaucracy",2
"burger",4
"burgers",2
"burned",5
"burst",2
"bury",2
"bus",9
"bush",6
"bushes",2
"business",42
"businesses",6
"busted",3
"busy",24
"but",488
"butler",3
"butter",4
"button",2
"buy",24
"buyers",2
"buyin",2
"buying",10
"bye",3
"byrd",4
"cabbage",3
"cabinet",2
"cable",4
"cabrera",3
"cacolac",2
"cafe",2
"cahaba",2
"cake",7
"caleb",4
"calendar",6
"california",8
"call",45
"called",34
"caller",2
"calling",13
"calls",13
"calm",2
"calorie",3
"calories",3
"camden",2
"came",34
"camera",5
"cameron",2
"camp",6
"campaign",17
"campaigns",2
"campus",6
"can",237
"canada",2
"canal",2
"canceled",2
"cancer",7
"candidate",4
"candidates",5
"candle",2
"candy",7
"canes",2
"canister",2
"canned",2
"cannot",9
"cant",96
"cap",4
"capacity",3
"capital",3
"capitol",2
"caps",3
"captain",6
"capture",2
"car",22
"carbon",2
"card",13
"cardiff",2
"cardinals",2
"cards",5
"cardstock",3
"care",22
"career",13
"careers",2
"careful",5
"carefully",5
"cares",2
"carl",4
"carly",2
"carol",3
"carole",2
"carolina",5
"carolyn",2
"carpenter",2
"carried",4
"carroll",4
"carrot",2
"carrots",2
"carry",9
"cars",6
"carter",4
"cartoonists",2
"cartridge",2
"carve",2
"cary",2
"cas",2
"casa",2
"case",30
"cases",14
"casey",4
"cash",6
"cashstrapped",2
"casino",3
"casket",2
"cast",5
"castle",4
"cat",4
"catch",11
"catcher",2
"catching",3
"catchy",2
"categories",2
"catering",4
"cathedral",2
"catherine",2
"catholic",2
"cats",5
"caught",5
"cause",19
"caused",4
"causes",3
"caution",2
"cbs",2
"cds",2
"cee",2
"ceiling",4
"celebrate",7
"celebrating",3
"celebration",2
"cell",5
"cellar",2
"cemetery",3
"center",17
"centers",5
"central",15
"centre",4
"cents",6
"century",4
"ceo",7
"cereal",2
"ceremony",5
"certain",10
"certainly",5
"chain",4
"chair",5
"chairman",4
"chairs",2
"chalk",2
"challenge",13
"challenges",7
"challenging",5
"champ",2
"champion",2
"champions",3
"championship",7
"chance",25
"chances",2
"chandler",3
"change",27
"changed",11
"changes",6
"changing",7
"channel",8
"chaos",2
"chapter",2
"character",17
"characters",7
"charge",4
"charged",13
"charges",3
"charging",2
"charities",2
"charles",6
"charlie",4
"charm",2
"charred",3
"chase",2
"chat",6
"cheap",3
"cheaper",2
"check",33
"checked",4
"checkin",6
"checking",8
"checks",3
"cheer",2
"cheering",2
"cheers",4
"cheese",5
"chef",3
"chelsea",2
"chemicals",3
"chen",2
"chens",2
"cherry",4
"chest",5
"chester",2
"chevrolet",2
"chicago",11
"chicken",7
"chickens",2
"chief",13
"child",11
"childhood",3
"children",33
"childrens",3
"chiles",2
"chili",4
"chill",3
"china",7
"chinese",6
"chip",4
"chipotle",2
"chips",8
"chlorine",2
"chocolate",10
"choice",14
"choices",7
"choke",2
"choose",6
"choosing",2
"chop",4
"chopped",3
"chord",2
"chorus",3
"chose",7
"chosen",2
"chris",6
"christ",4
"christian",10
"christiansen",2
"christie",2
"christies",2
"christmas",11
"chrons",2
"chrysler",3
"chu",2
"chunks",2
"church",13
"churchill",2
"churning",2
"cincinnati",4
"cinco",4
"circle",4
"circuit",2
"cited",3
"cities",6
"citizen",2
"citizens",3
"city",70
"citys",8
"civil",8
"civilians",4
"clad",2
"claim",6
"claimed",3
"claims",2
"clarke",2
"class",27
"classes",7
"classic",8
"classics",2
"classroom",4
"clay",3
"clayborn",2
"clayton",2
"clean",13
"cleaned",3
"cleaning",4
"clear",12
"cleared",2
"clearly",10
"cleric",2
"cleveland",12
"clevelands",2
"click",3
"clicked",2
"client",2
"clients",2
"cliff",2
"climate",2
"climb",3
"climbed",4
"climbing",2
"climbs",2
"clinic",2
"clinical",3
"clinton",3
"clock",2
"clooney",2
"close",27
"closed",12
"closely",3
"closer",13
"closest",2
"closure",2
"closures",2
"clothes",8
"clothing",2
"cloud",2
"club",15
"clue",5
"clutter",2
"coach",23
"coaches",2
"coaching",2
"coal",5
"coalition",2
"coarse",2
"coast",9
"coat",3
"coating",3
"cocktail",2
"coco",2
"cocoa",4
"code",8
"coffee",14
"coin",3
"coke",3
"cold",10
"collaboration",2
"collaborative",2
"collapse",3
"colleagues",3
"collect",6
"collected",6
"collecting",3
"collection",7
"college",19
"colleges",3
"color",14
"colorado",6
"colored",3
"colors",6
"colour",3
"columbus",5
"column",3
"com",2
"combination",2
"combine",2
"combined",2
"combining",2
"combo",2
"come",93
"comedy",4
"comes",19
"coming",38
"comment",10
"commenting",2
"comments",12
"commerce",4
"commercial",3
"commission",3
"commissioner",8
"commissioners",2
"commit",3
"commitment",3
"committed",4
"committee",5
"common",9
"communications",4
"communities",5
"community",31
"compact",2
"companies",7
"companion",2
"company",29
"companys",5
"compared",7
"comparing",2
"comparison",4
"compete",3
"competing",2
"competition",6
"competitive",3
"complain",2
"complained",2
"complaints",2
"complete",10
"completed",2
"completely",5
"complex",2
"complicated",3
"complimentary",2
"components",2
"compromise",3
"computer",10
"computers",2
"conceal",2
"concentrate",2
"concept",7
"concepts",2
"concern",6
"concerned",3
"concerns",6
"concert",5
"concession",2
"concordia",2
"concrete",2
"concurrent",2
"concussion",2
"condemned",2
"condition",6
"conditioners",2
"conditioning",4
"conditions",2
"conference",17
"confess",2
"confidence",4
"confident",4
"confidential",2
"conflict",2
"conflicted",2
"confucius",2
"confused",2
"congrats",8
"congratulations",6
"congregation",2
"congress",3
"congressional",2
"conn",3
"connect",2
"connected",2
"connection",3
"connectors",3
"conscience",2
"consecutive",2
"consent",3
"consequences",3
"conservative",6
"conservatives",4
"consider",8
"considerable",3
"considered",11
"considering",10
"consistent",2
"conspiracy",4
"constant",4
"constituents",2
"constitutes",2
"constitution",2
"construction",5
"consulting",4
"consumers",6
"consuming",2
"contact",8
"contacted",2
"contacts",3
"contain",3
"container",7
"containers",2
"contemporary",4
"contend",3
"content",6
"contest",4
"context",4
"continually",4
"continue",17
"continued",3
"continues",4
"continuing",2
"continuous",3
"contract",4
"contracts",3
"contribute",3
"contributed",3
"contributions",3
"contributors",2
"control",12
"controlled",2
"convenient",2
"convention",3
"conversation",8
"conversations",5
"convert",2
"convicted",3
"conviction",4
"convictions",2
"convince",3
"convinced",2
"convincing",2
"cook",8
"cooked",3
"cookie",2
"cookies",12
"cooking",5
"cool",29
"cooler",3
"coolidge",2
"cooling",3
"cooperation",2
"copies",5
"copy",3
"copyright",2
"core",3
"corn",5
"corner",10
"cornerback",2
"corners",3
"corp",4
"corporate",4
"corporation",3
"correct",2
"correctly",2
"correlated",2
"corridor",3
"cory",3
"cost",16
"costco",2
"costly",3
"costs",8
"costume",6
"costumes",4
"cottages",4
"cotton",3
"couch",3
"cough",3
"could",122
"couldnt",23
"council",11
"counsel",3
"counseling",2
"count",6
"counterproductive",2
"counting",3
"countries",5
"country",18
"countrys",4
"counts",5
"county",37
"countys",3
"couple",27
"couples",4
"courage",2
"courageous",2
"course",41
"courses",4
"court",27
"courts",4
"cousin",3
"cover",20
"coverage",5
"covered",9
"covering",2
"covers",4
"cow",2
"cows",2
"cox",3
"crack",4
"crackdown",2
"cracks",2
"craft",5
"crafted",2
"crafters",2
"craig",3
"cramped",2
"crap",5
"crash",4
"crashed",5
"crawford",3
"crawling",2
"crazier",2
"crazy",21
"cream",3
"create",8
"created",8
"creates",2
"creating",6
"creation",2
"creations",3
"creative",4
"credit",8
"creek",2
"crew",8
"crews",4
"cried",3
"crime",11
"crimes",4
"criminal",4
"criminals",2
"crisis",7
"crisp",2
"critical",7
"criticize",2
"critics",3
"critters",2
"crosby",2
"cross",10
"crossed",2
"crossing",4
"crowd",17
"crowded",2
"crowds",5
"crown",2
"crucial",4
"crude",2
"cruise",2
"crumbled",2
"crumbling",2
"crush",4
"cry",3
"crying",4
"crystal",4
"css",2
"cuban",2
"cubs",5
"cue",2
"cultural",4
"culture",5
"cultures",2
"cum",2
"cunningham",2
"cup",18
"cupcakes",2
"cups",2
"cure",3
"curious",3
"current",17
"currently",10
"customer",6
"customers",9
"cut",22
"cute",11
"cuts",7
"cutting",3
"cuz",4
"cybersecurity",2
"cycle",2
"cycling",2
"dad",16
"daddy",2
"dads",2
"daffodil",2
"dai",2
"daily",8
"dallas",4
"dammit",2
"damn",14
"damned",2
"damning",2
"dan",4
"dance",15
"dancer",2
"dancers",3
"dances",2
"dancing",4
"dang",2
"danger",6
"dangerous",5
"daniel",2
"danny",2
"dare",3
"dark",6
"darkness",4
"dash",3
"dat",3
"data",6
"database",2
"date",15
"dated",3
"dates",2
"dating",5
"daughter",9
"dave",6
"david",14
"davis",3
"dawn",2
"day",194
"days",64
"daytime",2
"dead",11
"deadline",5
"deadlines",2
"deadly",2
"deal",24
"dealing",6
"deals",5
"dear",15
"death",10
"deaths",2
"debate",5
"debates",3
"debbie",2
"debris",4
"debt",14
"debut",2
"dec",6
"decade",4
"decades",8
"december",6
"decent",3
"decide",7
"decided",20
"deciding",2
"decision",19
"decisions",5
"decisive",2
"deck",3
"declared",3
"declined",4
"decor",2
"decorating",2
"dedicated",2
"dee",4
"deep",7
"deepfried",2
"deeply",2
"def",2
"default",2
"defeat",3
"defeated",4
"defend",2
"defense",11
"defensive",3
"defines",2
"definitely",14
"definition",6
"degree",4
"degrees",6
"dehydration",2
"del",2
"delay",4
"delayed",2
"delete",2
"deliberately",3
"delicate",3
"delicious",2
"delight",2
"deliver",3
"delivered",3
"delivery",2
"dell",5
"demaio",2
"demand",7
"demands",2
"democracy",3
"democrat",2
"democratic",2
"democrats",7
"dempsey",3
"denied",2
"dentist",2
"denver",7
"department",16
"departments",5
"departure",3
"depend",4
"depending",5
"depends",2
"deportation",2
"depressed",2
"deputy",4
"der",3
"derby",3
"derrick",4
"describe",2
"described",3
"description",2
"desert",3
"deserve",4
"deserved",2
"design",11
"designed",5
"designer",2
"designs",3
"desire",9
"desires",2
"desk",4
"desktop",2
"desperate",2
"desperately",2
"despite",13
"destination",2
"destiny",3
"destroyed",2
"destructive",3
"detail",2
"detailed",4
"details",12
"detained",3
"detective",2
"determine",3
"determining",2
"detroit",2
"develop",9
"developed",5
"developer",2
"developing",6
"development",9
"developments",2
"device",3
"devils",2
"devotion",2
"dialogue",3
"diamonds",2
"dicks",2
"did",121
"didnt",82
"die",12
"died",7
"diego",8
"diet",7
"difference",15
"differences",2
"different",45
"difficult",12
"dig",3
"digital",6
"digits",2
"dimensions",2
"dimora",3
"ding",3
"dining",3
"dinner",17
"dip",2
"directed",7
"direction",7
"directions",3
"directly",5
"director",26
"dirt",3
"dirty",5
"disabled",3
"disappointed",4
"disappointment",2
"disaster",3
"disc",2
"discipline",2
"disco",2
"discounts",3
"discovered",7
"discovering",2
"discovery",3
"discuss",5
"discussed",2
"discussing",3
"discussion",8
"discussions",3
"disease",7
"disgusting",2
"dish",5
"dishes",5
"dishwasher",2
"dismiss",2
"dismissal",2
"dismissed",2
"disney",2
"disneyland",2
"display",5
"displayed",2
"disposables",2
"disproportionate",2
"distance",3
"distracted",2
"distressed",2
"distributed",2
"distributer",2
"distribution",3
"district",11
"dive",4
"divine",2
"division",6
"diy",2
"dlc",2
"doc",3
"doctor",8
"doctors",7
"document",3
"documents",2
"does",73
"doesnt",49
"dog",15
"dogg",3
"dogs",6
"doing",40
"doll",2
"dollar",3
"dollars",5
"domestic",6
"dominance",2
"dominant",4
"don",2
"donald",3
"donate",2
"donated",2
"donations",3
"done",37
"dont",193
"doodles",2
"doomed",2
"door",22
"doors",5
"dot",2
"double",9
"doubled",2
"doubt",8
"dough",5
"down",87
"downtown",13
"dozen",2
"dozens",2
"draft",3
"drafting",2
"drafts",3
"dragon",3
"drake",2
"drama",6
"dramatic",4
"dramatically",2
"drank",4
"draped",2
"draw",7
"drawing",2
"drawn",2
"dre",2
"dream",7
"dreaming",2
"dreams",12
"dress",7
"dressed",5
"dressing",2
"drew",7
"drill",2
"drilling",3
"drink",16
"drinkable",2
"drinkin",2
"drinking",3
"drinks",5
"drive",14
"driven",3
"driver",7
"drivers",7
"drives",2
"driving",13
"drone",2
"drop",6
"dropped",6
"drove",7
"drug",5
"drum",3
"drunk",2
"dry",5
"dryer",2
"duck",2
"ducks",3
"ducksworth",2
"dude",5
"due",12
"duh",5
"dukes",3
"dumb",2
"dumbass",2
"during",41
"dust",4
"dustin",2
"dutch",3
"duty",2
"dvd",2
"dvr",2
"dying",4
"dynamo",2
"each",60
"eager",2
"earlier",16
"early",30
"earn",6
"earned",4
"earnings",4
"earrings",2
"earth",9
"earthquake",3
"ease",3
"easier",7
"easily",7
"east",11
"easter",9
"eastern",7
"easy",13
"eat",22
"eaten",3
"eating",13
"ebook",2
"economic",11
"economics",2
"economy",12
"edgar",2
"edge",7
"edit",2
"edited",2
"editing",5
"edition",2
"editorial",2
"educated",2
"educating",2
"education",9
"educational",4
"edwards",4
"effect",5
"effective",7
"effects",2
"effort",7
"efforts",10
"egg",4
"eggs",3
"ego",2
"eight",11
"either",20
"elbow",2
"eleanor",4
"elected",6
"election",6
"elections",8
"electoral",3
"electric",4
"electricity",3
"electronic",2
"element",2
"elementary",6
"elements",5
"eliminating",2
"elite",3
"elizabeth",5
"elizabeths",2
"elk",2
"ellen",2
"else",26
"elsewhere",5
"elwell",3
"email",20
"emailed",3
"emails",3
"embarrassment",2
"embassy",3
"embossed",2
"embossing",2
"embrace",2
"emergency",2
"eminem",2
"emotion",2
"emotional",4
"emotionally",3
"emotions",2
"employees",8
"employers",2
"employment",5
"empower",2
"empty",4
"enables",2
"enacting",2
"encourage",6
"encouraged",2
"encouragement",4
"end",54
"ended",6
"ending",4
"ends",10
"endurance",2
"enemies",2
"energies",2
"energy",18
"enforce",2
"enforceable",2
"enforcement",7
"engaged",5
"engagement",3
"engaging",3
"engine",2
"engineering",3
"engineers",3
"england",6
"english",11
"enhanced",2
"enjoy",22
"enjoyed",17
"enjoying",6
"enough",28
"ensure",3
"enter",6
"entered",4
"entering",2
"entertain",2
"entertainment",3
"entire",11
"entities",2
"entrance",2
"entry",3
"environment",9
"environments",2
"episode",14
"episodes",4
"equal",3
"equality",4
"equipment",7
"era",8
"eric",8
"error",2
"escape",2
"escaped",3
"especially",20
"espoused",2
"establish",2
"established",3
"establishment",3
"estate",4
"estimate",5
"etc",15
"ethic",2
"euro",3
"europe",4
"european",5
"euros",2
"eustachy",2
"eve",5
"even",97
"evening",10
"event",26
"events",10
"eventually",8
"ever",51
"everton",2
"every",72
"everybody",8
"everyday",6
"everyone",38
"everyones",2
"everything",44
"everywhere",6
"evidence",10
"evil",3
"exact",4
"exactly",9
"exam",4
"example",12
"examples",3
"excellence",2
"excellent",4
"except",8
"exception",2
"excited",27
"excitement",5
"exciting",7
"excluding",2
"excuse",2
"executed",3
"execution",2
"executive",10
"executives",3
"exhausted",2
"exhibit",4
"exhibition",3
"exist",2
"existence",3
"existing",2
"exists",2
"exit",2
"expanded",2
"expanding",2
"expansion",4
"expect",9
"expectation",2
"expectations",2
"expected",11
"expecting",6
"expedia",2
"expense",2
"expenses",4
"expensive",5
"experience",25
"experienced",4
"experiences",2
"experiencing",2
"expert",4
"experts",8
"expired",2
"explain",5
"explained",5
"explaining",3
"explains",2
"explanation",4
"explore",3
"explosives",2
"exposed",4
"exposition",2
"express",5
"expressing",3
"expression",2
"extend",4
"extension",2
"extent",8
"external",2
"extra",11
"extremely",5
"eye",12
"eyes",16
"fabric",4
"fabulous",3
"face",30
"facebook",14
"faced",6
"faces",2
"facilities",3
"facility",3
"facing",2
"fact",22
"factor",2
"factors",4
"factory",2
"facts",3
"faculty",6
"fail",4
"failed",5
"failure",5
"fair",11
"fairies",2
"fairly",9
"fairy",2
"faith",10
"faithful",2
"faithfully",2
"fake",5
"fall",20
"falling",4
"falls",3
"false",4
"fam",3
"familiar",5
"families",7
"family",42
"familys",2
"famous",10
"fan",18
"fanciful",3
"fancy",5
"fannie",2
"fans",18
"fantastic",5
"fantasy",3
"far",40
"fares",3
"farewell",2
"farid",2
"farm",7
"farmers",4
"fascinating",5
"fashion",6
"fashionable",2
"fashioned",2
"fast",13
"faster",3
"fastest",2
"fat",5
"fate",5
"father",14
"fathers",8
"fault",5
"favor",4
"favorite",27
"favorites",2
"favourite",2
"fbi",6
"fear",9
"feared",2
"fears",2
"feature",6
"featured",6
"features",10
"featuring",7
"feb",6
"february",9
"federal",19
"fee",2
"feed",9
"feedback",5
"feel",61
"feeling",17
"feelings",10
"feels",9
"fees",2
"feet",11
"feliz",2
"fell",17
"feller",2
"fellers",2
"fellow",11
"fellows",2
"felt",13
"female",2
"feminist",2
"ferrari",2
"ferry",5
"fest",2
"festival",8
"fever",2
"few",58
"fidelis",2
"field",15
"fiesta",2
"fifth",7
"fight",17
"fighting",5
"figure",9
"figured",2
"figures",5
"figuring",2
"file",3
"filed",6
"filing",3
"fill",8
"filled",10
"filling",2
"fillings",3
"film",15
"filming",4
"films",10
"filthy",2
"final",14
"finally",25
"finals",4
"finance",4
"finances",2
"financial",12
"find",65
"finding",6
"findings",4
"finds",3
"fine",9
"finest",2
"finger",2
"fingers",3
"finish",7
"finished",20
"finishes",2
"finishing",2
"finra",4
"fios",3
"fire",21
"fired",2
"fireplace",2
"fires",3
"fireworks",3
"firing",2
"firm",9
"first",139
"fiscal",2
"fishing",2
"fit",7
"fitness",3
"fitzgerald",3
"five",30
"fix",4
"fixed",3
"fla",2
"flag",4
"flagged",2
"flash",2
"flat",3
"flavor",5
"flavors",2
"flaws",2
"fleming",2
"flew",4
"flexible",2
"flies",2
"flight",5
"flip",3
"floated",2
"flock",2
"flood",2
"floor",5
"floral",2
"florida",12
"florist",2
"flour",6
"flow",4
"flower",4
"flowers",7
"fluid",2
"fly",3
"flyers",4
"flying",3
"focus",16
"focused",6
"focuses",2
"foil",3
"folks",9
"follow",49
"followed",13
"followers",10
"following",43
"follows",3
"food",45
"foodrelated",2
"foods",3
"fool",2
"fools",2
"foot",8
"football",14
"for",1212
"force",17
"forced",5
"forces",2
"forecast",2
"forego",2
"foreign",10
"foreigner",2
"forest",2
"forever",14
"forge",2
"forget",14
"forgetting",2
"forgive",3
"forgot",3
"forgotten",5
"form",12
"formal",6
"former",29
"forms",2
"formula",2
"fort",2
"forth",3
"fortune",2
"forty",2
"forum",4
"forums",2
"forward",20
"forwards",3
"foster",3
"found",52
"foundation",7
"founder",2
"founders",2
"four",30
"fourth",17
"fox",3
"fracking",3
"fractured",2
"fragile",2
"fragmented",2
"frame",3
"frames",4
"france",6
"franchise",4
"francisco",7
"frank",4
"franklin",2
"fraud",5
"freaky",2
"fred",2
"free",41
"freebies",2
"freedom",9
"freelance",2
"freeman",2
"freeze",2
"freezer",3
"french",7
"frequently",2
"fresh",11
"freshman",2
"fri",4
"friday",38
"fridays",4
"fridge",2
"fried",4
"friend",28
"friendly",3
"friends",38
"frightening",3
"from",381
"front",20
"fruit",2
"frustrated",4
"frustrating",2
"fry",2
"fuck",14
"fuckin",2
"fucking",8
"fuel",2
"fugitive",2
"fulfill",7
"fulham",2
"full",31
"fulltime",5
"fully",9
"fumble",2
"fumbling",2
"fun",50
"fund",5
"funding",4
"fundraising",3
"funds",7
"funeral",5
"funnel",2
"funneled",2
"funny",23
"furniture",3
"further",15
"furthermore",3
"future",18
"fyi",2
"gabriel",2
"gain",6
"gained",2
"gaines",3
"gaining",2
"gains",2
"galleria",2
"galleries",2
"gallery",2
"game",85
"games",23
"gang",3
"gap",4
"garage",2
"garden",11
"garlic",4
"gas",5
"gate",2
"gather",3
"gathered",5
"gatien",2
"gauge",2
"gave",21
"gay",4
"gaze",2
"gbp",3
"gear",3
"gee",2
"geek",2
"gender",2
"gene",2
"general",9
"generally",5
"generals",2
"generation",2
"generous",4
"genre",5
"gentlemen",3
"genuine",7
"george",11
"georgia",5
"german",2
"germany",3
"get",236
"gets",16
"gettin",2
"getting",44
"ghosh",2
"ghost",4
"giant",7
"giants",7
"gift",11
"gifts",5
"gig",3
"gilbert",2
"gill",2
"gillerman",2
"gilmore",2
"gimmicks",2
"girl",37
"girlfriend",4
"girls",19
"giuseppe",2
"give",45
"giveaway",3
"given",18
"gives",12
"giving",18
"glad",14
"glass",8
"glasses",3
"glee",3
"glenn",2
"glimpse",2
"glitter",2
"global",8
"globe",4
"glue",2
"gmail",2
"goal",8
"goalie",2
"goals",11
"god",41
"gods",9
"goes",30
"goin",3
"going",132
"goingaway",2
"gold",7
"golden",5
"goliath",2
"gon",2
"gone",23
"gonna",24
"good",161
"goodbye",2
"goodietwoshoes",2
"goodnight",2
"goods",9
"google",4
"goose",3
"gop",3
"gordon",4
"gorgeous",7
"gosh",4
"gospel",2
"got",100
"gotta",13
"gotten",7
"gov",8
"government",31
"governments",3
"governor",4
"governors",3
"grab",8
"grabbed",3
"grabbing",2
"grace",5
"grad",4
"grade",5
"grades",2
"graduate",3
"graduated",5
"graduates",2
"graduating",4
"graduation",4
"graham",2
"grahams",2
"grand",5
"granola",2
"grant",2
"granted",3
"graphic",2
"grateful",2
"gratitude",2
"grave",2
"great",134
"greater",4
"greatest",8
"greatly",2
"greece",4
"greedy",2
"greek",4
"green",18
"greetings",2
"greg",2
"grew",4
"grey",6
"grieving",2
"grill",2
"grilled",3
"grilling",2
"grind",2
"grizzly",2
"groove",2
"gross",3
"ground",12
"grounds",3
"group",32
"groupon",2
"groups",12
"grow",15
"growing",11
"grown",5
"growth",12
"gts",2
"guarantee",3
"guard",9
"guards",2
"guess",17
"guessing",2
"guest",2
"guests",2
"guide",4
"guild",2
"guilty",2
"guitar",3
"guitarist",2
"gun",7
"guns",2
"guy",16
"guys",39
"gym",10
"habit",4
"habits",2
"hacked",2
"had",230
"hadnt",6
"haha",24
"hahaha",2
"hair",23
"haircut",5
"hairdo",2
"hairdressers",2
"haith",2
"half",21
"halfway",2
"hall",13
"hallmark",2
"halted",2
"ham",2
"hamilton",3
"hand",18
"handed",2
"handful",3
"handing",2
"handkerchief",2
"handle",5
"handled",2
"handmade",2
"hands",12
"handsome",2
"hang",6
"hanging",7
"hanna",3
"hanukkah",2
"happen",24
"happened",19
"happening",3
"happens",9
"happier",3
"happiness",2
"happy",69
"hard",39
"harder",7
"hardly",4
"harmed",2
"harper",2
"harris",2
"harrison",2
"harry",3
"harsh",3
"harvard",2
"has",268
"hasnt",8
"hat",3
"hate",17
"hated",3
"hates",2
"have",555
"havent",23
"having",51
"hawks",3
"hay",2
"hayward",2
"head",27
"headaches",4
"headed",7
"heading",9
"heads",5
"health",31
"healthcare",3
"healthy",5
"hear",16
"heard",28
"hearing",14
"heart",24
"hearts",2
"heat",11
"heavy",6
"heck",7
"hed",2
"heels",2
"height",2
"heights",4
"heirloom",3
"held",18
"hell",19
"hello",15
"helm",2
"help",45
"helped",10
"helping",11
"helps",9
"henderson",2
"henry",2
"her",199
"herbert",2
"herd",2
"here",99
"heres",12
"hermel",3
"hero",3
"herself",6
"hes",42
"heshe",4
"hey",33
"hidden",2
"hiding",2
"high",46
"higher",10
"highest",4
"highland",2
"highlights",2
"highly",9
"highway",6
"hilarious",4
"hill",17
"hills",5
"him",131
"himself",16
"hinske",2
"hint",11
"hip",2
"hire",2
"hired",4
"hiring",6
"his",310
"historic",3
"historically",2
"history",18
"hit",39
"hitchcock",2
"hits",8
"hitter",4
"hitting",4
"hobby",2
"hockey",4
"hoe",3
"hogan",2
"hold",20
"holders",3
"holding",9
"holds",2
"hole",9
"holiday",7
"holidays",6
"holistic",2
"hollande",2
"hollywood",3
"holy",10
"home",90
"homeland",2
"homeless",2
"homemade",3
"homes",8
"hometown",2
"homework",4
"homie",3
"honda",5
"honest",5
"honestly",4
"honey",6
"honor",10
"honoring",2
"hood",2
"hook",3
"hooray",2
"hop",3
"hope",46
"hoped",2
"hopeful",2
"hopefully",4
"hopes",7
"hoping",9
"hopkins",3
"hops",2
"horizon",2
"hornets",4
"horrible",4
"horse",5
"horseback",2
"horses",3
"hospital",8
"host",8
"hostess",2
"hosting",3
"hot",24
"hotel",6
"hotels",4
"hour",21
"hours",31
"house",57
"households",3
"houses",4
"housewives",2
"housing",6
"houston",10
"how",196
"howard",4
"however",28
"hows",2
"hubby",3
"hudson",3
"hudud",2
"hug",4
"huge",21
"hugs",2
"human",25
"humbled",2
"hundreds",4
"hung",3
"hunger",2
"hungry",9
"hunt",3
"hunter",3
"hunters",2
"hurry",2
"hurt",6
"hurting",3
"hurts",4
"husband",11
"huskies",2
"hut",2
"ian",3
"idea",31
"ideal",3
"ideas",17
"identical",2
"identify",3
"identity",4
"idk",5
"ignore",2
"ignoring",3
"ill",50
"illegally",5
"illinois",4
"illness",2
"image",8
"images",10
"imagine",6
"imagined",2
"imagining",2
"imma",2
"immediate",2
"immediately",3
"immigrants",2
"immigration",5
"impact",4
"impairments",2
"imperial",2
"implementing",2
"implications",2
"importance",2
"important",25
"importantly",4
"impressed",2
"impression",6
"impressive",4
"improve",6
"improved",2
"improvement",6
"improvements",2
"improves",2
"improving",2
"inability",3
"inadvertently",2
"inc",5
"inch",5
"incident",6
"include",12
"included",6
"includes",13
"including",22
"income",9
"incomes",2
"incorporate",2
"incorporates",2
"increase",10
"increased",7
"increasing",2
"increasingly",2
"incredible",6
"incredibly",3
"incumbent",2
"indeed",10
"indefinitely",2
"independent",3
"independently",2
"india",4
"indian",3
"indiana",3
"indianapolis",4
"indicate",2
"indication",2
"indigent",2
"individual",6
"individuals",7
"industrial",2
"industries",2
"industry",16
"indy",3
"indyhumane",2
"influence",7
"influences",2
"info",4
"information",18
"informed",4
"infrastructure",2
"ingredients",4
"inherently",3
"inherit",2
"initial",6
"initially",2
"initiative",6
"initiatives",2
"injured",4
"injury",6
"ink",3
"inner",3
"inning",4
"innings",5
"innocent",5
"innovation",5
"innovative",3
"input",2
"inside",6
"insight",4
"inspiration",4
"inspirational",4
"inspire",3
"inspired",8
"inspires",2
"inspiring",4
"instance",3
"instant",2
"instead",23
"institute",3
"institution",3
"instruction",2
"instructions",3
"instructor",6
"insurance",5
"integration",3
"intellectually",2
"intellectuals",2
"intelligent",3
"intend",2
"intended",3
"intends",3
"intense",4
"intensity",3
"intent",2
"intention",2
"interaction",3
"interactive",2
"interest",5
"interested",6
"interesting",19
"interests",4
"interior",2
"intern",3
"internal",3
"international",9
"internet",12
"internship",3
"interview",7
"interviewed",3
"into",151
"intrigued",2
"intriguing",2
"introduced",3
"introduction",3
"invasion",3
"invest",4
"investigate",2
"investigation",6
"investigator",4
"investigators",4
"investment",5
"investor",2
"investors",6
"invitation",3
"invite",3
"invited",2
"involve",2
"involved",12
"involvement",4
"involving",2
"iowa",4
"ipa",6
"ipad",4
"iphone",2
"ipl",4
"iqbal",2
"iran",3
"iraq",3
"iron",3
"irrelevant",2
"irritated",2
"isan",2
"islamic",3
"island",3
"isnt",27
"israel",4
"israeli",2
"issue",14
"issued",2
"issues",21
"italian",2
"italy",3
"itbut",2
"item",5
"items",5
"itll",2
"its",339
"itself",14
"ive",69
"jack",6
"jacket",5
"jackson",8
"jacksonville",2
"jacob",3
"jail",4
"jake",2
"james",7
"jamie",2
"jammed",2
"jan",3
"jane",3
"january",13
"japan",3
"japanese",2
"jason",5
"jay",2
"jays",2
"jealous",2
"jeans",4
"jeep",2
"jeff",3
"jefferson",3
"jelly",3
"jenn",2
"jennifer",6
"jerks",3
"jerome",2
"jerry",4
"jersey",8
"jerseys",2
"jessica",2
"jesus",9
"jets",2
"jewel",2
"jewelry",4
"jewish",2
"jill",3
"jim",5
"jimenez",2
"jimmie",2
"joan",2
"joaquin",2
"job",45
"jobless",3
"jobs",16
"joe",12
"joey",3
"john",18
"johnny",2
"johnson",9
"join",7
"joined",7
"joining",8
"joint",5
"joke",6
"joking",2
"jonah",4
"jones",7
"joplin",2
"jordan",6
"jose",2
"joseph",5
"josh",3
"journey",6
"joy",5
"judaism",2
"judge",13
"judged",2
"judges",4
"juice",3
"juicy",2
"julia",2
"julie",2
"july",8
"jump",11
"jumped",3
"jumps",2
"june",9
"junior",5
"jurisdictions",2
"jury",3
"just",321
"justice",10
"justices",3
"justin",5
"kansas",20
"karen",3
"kasich",3
"kates",2
"kathleen",2
"katy",2
"kbs",2
"keen",2
"keep",53
"keeping",8
"keeps",9
"keith",2
"kelly",4
"ken",2
"kensington",3
"kentucky",5
"kept",8
"kermit",2
"kevin",2
"key",13
"keynote",2
"keys",3
"khan",2
"kick",6
"kicks",3
"kid",13
"kidding",3
"kids",33
"kill",10
"killed",14
"killer",2
"killing",9
"kills",2
"kilo",2
"kilogram",3
"kilograms",2
"kim",4
"kind",30
"kinda",13
"kindle",2
"kindly",2
"kindness",3
"kinds",3
"king",6
"kingdom",5
"kings",3
"kinney",2
"kiss",8
"kisses",4
"kit",2
"kitchen",8
"knee",3
"knew",24
"knight",2
"knives",2
"knock",5
"knocking",2
"knockout",2
"know",167
"knowing",6
"knowledge",10
"knowledgeable",2
"known",18
"knows",13
"knudsen",2
"korean",2
"kottaras",2
"kyle",2
"lab",2
"labor",2
"labour",2
"lack",14
"lacrosse",2
"ladder",3
"laden",2
"ladies",3
"lady",15
"laid",3
"lake",13
"lakers",3
"lamar",2
"lamb",4
"lambs",2
"land",6
"landscape",2
"lane",4
"lang",2
"language",6
"lap",2
"laptop",3
"laptops",2
"larceny",2
"large",14
"largely",2
"larger",10
"largest",4
"larry",2
"las",7
"last",148
"late",32
"lately",6
"later",26
"latest",12
"latter",5
"laude",2
"laugh",2
"laughed",2
"laughing",4
"laughs",2
"launch",4
"launched",2
"laundry",5
"laura",2
"lauren",3
"law",33
"lawful",2
"lawn",4
"lawrence",3
"laws",6
"lawsuit",3
"lawsuits",2
"lawyer",4
"lawyers",2
"lay",5
"layers",2
"laying",4
"layoffs",2
"lazy",5
"lea",2
"lead",24
"leader",10
"leaders",11
"leadership",4
"leading",8
"leads",3
"leaf",2
"league",11
"leagues",3
"leak",2
"lean",3
"learn",13
"learned",8
"learning",10
"least",32
"leave",25
"leaves",5
"leaving",7
"lebron",2
"led",11
"lee",2
"left",38
"leftist",2
"leg",4
"legal",14
"legalized",2
"legend",2
"legendary",2
"legislation",7
"legislature",2
"lego",2
"legs",7
"lehman",2
"leidseplein",2
"lemon",5
"length",3
"les",2
"less",31
"lesser",2
"lessons",2
"let",54
"lets",27
"letter",11
"letters",4
"letting",6
"level",10
"levels",7
"levison",2
"lewis",2
"liar",2
"liberal",2
"liberty",6
"libraries",3
"library",6
"license",4
"lie",12
"lies",4
"lieu",4
"life",92
"lifes",2
"lift",4
"light",19
"lights",6
"like",284
"liked",7
"likely",14
"likes",9
"liking",2
"lily",3
"lime",2
"limelight",2
"limit",10
"limited",3
"linda",3
"lindsey",2
"line",21
"linebacker",2
"liner",3
"lines",2
"link",8
"linked",3
"linking",2
"links",3
"lioi",2
"lips",3
"liquid",4
"list",37
"listen",14
"listened",3
"listening",11
"listing",2
"lists",2
"literally",3
"literary",3
"litigation",2
"litter",2
"little",71
"liturgical",2
"liu",2
"live",34
"lived",10
"lively",3
"liver",2
"liverpool",2
"lives",19
"livin",3
"living",20
"lmao",4
"lmfao",3
"load",2
"loaded",3
"loaned",2
"loans",5
"lobby",3
"local",19
"locals",2
"located",6
"location",8
"locations",4
"locked",3
"locker",3
"lockout",2
"logic",2
"login",3
"lol",60
"london",11
"lonely",2
"long",51
"longer",13
"longest",2
"longterm",4
"longtime",2
"look",68
"looked",16
"looking",41
"looks",23
"loop",3
"loose",3
"lopez",2
"lord",10
"los",7
"lose",7
"loses",2
"losing",3
"loss",9
"losses",3
"lost",16
"lot",62
"lots",10
"lotta",2
"loud",4
"louis",10
"lounge",3
"love",152
"loved",14
"lovely",8
"loves",13
"loving",5
"low",15
"lowbies",2
"lower",11
"luck",12
"luckily",2
"lucky",8
"lucrative",2
"luebke",2
"lumet",3
"lunch",12
"lure",2
"lurking",2
"luxury",2
"lynch",2
"maam",2
"mac",3
"machine",3
"machiz",2
"mad",8
"madame",3
"madden",2
"made",88
"madison",3
"mae",2
"magazine",5
"magazines",2
"magic",6
"magnitude",2
"mail",3
"main",15
"mainly",2
"mainstream",2
"maintain",2
"maintenance",4
"major",16
"majority",6
"majorleague",3
"make",140
"makenzie",2
"makeover",2
"maker",2
"makes",40
"makeup",2
"makin",2
"making",37
"malawi",4
"malaysia",3
"male",4
"malibu",2
"malinga",3
"mall",3
"mama",2
"man",68
"manage",7
"managed",5
"management",7
"manager",8
"maniacs",2
"manley",2
"manning",4
"manny",2
"mans",3
"mansfield",2
"manuel",2
"manuscript",2
"many",104
"map",3
"marathon",3
"march",21
"margarita",2
"margin",3
"maries",2
"marijuana",2
"marinated",3
"marine",2
"mark",15
"market",28
"marketing",13
"markets",7
"marks",3
"marriage",7
"married",7
"marry",4
"mars",2
"martin",6
"martins",2
"marvel",5
"mary",3
"maryland",4
"mass",6
"massachusetts",2
"massage",2
"massive",3
"master",5
"mastercard",2
"masterpiece",2
"masters",4
"match",7
"material",4
"math",4
"matrimony",2
"matt",6
"matted",2
"matter",20
"matthew",3
"matthews",2
"mattoon",2
"mature",3
"maun",4
"max",3
"maxim",2
"maximum",2
"may",69
"maya",2
"maybe",39
"mayes",2
"mayo",6
"mayor",12
"maze",4
"mcdonalds",2
"meal",4
"meals",3
"mean",25
"meaning",4
"meaningful",2
"means",19
"meant",12
"meanwhile",6
"measure",9
"measured",2
"measures",3
"measuring",4
"meat",5
"meaty",2
"media",16
"median",3
"medicaid",3
"medical",6
"medication",2
"medicine",4
"medium",2
"meet",18
"meeting",20
"meetings",2
"meets",2
"mega",2
"mego",2
"meister",2
"melissa",2
"melodrama",2
"melt",2
"melting",2
"member",10
"members",14
"memo",2
"memoirs",2
"memorial",4
"memories",5
"memory",3
"men",20
"mental",6
"mentally",2
"mention",8
"mentioned",3
"menu",3
"mepco",2
"merch",2
"merely",5
"meringue",2
"mesquite",5
"mess",3
"message",7
"messages",4
"messalina",2
"messing",4
"messy",3
"met",17
"metal",4
"meter",3
"methods",2
"metrics",2
"metro",2
"mets",2
"mexico",3
"miami",3
"michael",18
"michelle",2
"michigan",2
"michna",2
"mid",3
"middle",16
"midnight",6
"midway",2
"midwest",2
"might",47
"mightynest",5
"migraine",2
"migraines",2
"migration",2
"miguel",2
"mike",14
"mild",3
"mile",3
"miles",5
"milestones",2
"military",3
"milk",5
"miller",5
"million",45
"millions",5
"min",3
"mind",28
"minds",6
"mine",6
"mini",2
"minimum",4
"minister",7
"ministry",2
"minn",2
"minneapolis",6
"minnesota",3
"minority",2
"mint",2
"mints",2
"minus",3
"minute",15
"minutes",16
"miracle",2
"mirror",3
"mirrors",2
"miserable",2
"miss",38
"missed",10
"misses",3
"missing",7
"mission",8
"mississippi",2
"missouri",17
"missus",2
"mistake",2
"mistaken",3
"mistakes",4
"misunderstanding",2
"mit",2
"mitchell",3
"mitt",3
"mix",9
"mixed",7
"mixing",2
"mixture",2
"mobile",3
"mobility",5
"mod",3
"modalities",2
"mode",2
"model",8
"models",2
"modern",7
"mohamed",2
"mom",21
"moment",17
"moments",5
"momentum",3
"momma",2
"mommies",2
"moms",4
"mon",2
"monday",24
"mondays",5
"money",44
"monies",2
"monitor",3
"monkey",3
"monster",2
"montgomery",2
"month",28
"months",24
"monument",2
"mood",6
"moon",5
"moore",2
"more",243
"morgan",4
"morning",43
"mortgage",2
"most",99
"mostly",12
"mother",16
"mothers",13
"motion",3
"motivation",4
"motivational",2
"motive",2
"motor",2
"mound",2
"mounds",2
"mountain",10
"mounted",5
"mouse",5
"mouth",7
"move",17
"moved",20
"movement",2
"movers",2
"moves",4
"movie",16
"movies",7
"moving",20
"much",119
"mueller",2
"multiple",5
"mundane",2
"municipal",2
"munroe",2
"murder",8
"murdered",2
"murdoch",2
"murray",2
"muscle",2
"muscles",2
"museum",7
"mushrooms",2
"music",28
"musical",8
"musician",2
"musicians",2
"must",42
"mustache",2
"mustard",3
"myself",38
"mysteries",2
"mystery",8
"nail",2
"nailed",2
"nails",2
"name",41
"named",5
"names",8
"naming",2
"nancy",3
"nanny",4
"nap",5
"narrated",2
"narration",2
"narrative",2
"nascar",2
"nashville",2
"nate",2
"nation",10
"national",28
"nations",7
"nationwide",5
"native",2
"natural",5
"naturally",2
"nature",6
"naughty",2
"navigate",2
"navy",2
"nay",5
"nba",6
"nbc",2
"ncaa",3
"near",18
"nearby",5
"nearly",17
"neat",3
"necessarily",4
"necessary",6
"necklace",2
"need",106
"needed",23
"needless",3
"needs",19
"negative",7
"negotiating",2
"negotiations",3
"neighbor",2
"neighborhood",9
"neighborhoods",5
"neighbors",7
"neil",2
"neither",10
"nelson",3
"nerd",2
"nervous",4
"netflix",2
"nets",6
"network",8
"networks",2
"neuman",2
"never",84
"new",176
"newark",8
"newest",2
"newly",2
"news",29
"newspaper",8
"newton",2
"next",80
"nfl",10
"nhl",2
"nice",30
"nick",4
"nicole",2
"nigga",8
"niggas",6
"niggaz",2
"night",85
"nightmares",2
"nights",3
"nike",4
"nine",3
"ninth",3
"nite",3
"nixon",4
"nobody",6
"noise",4
"noises",2
"noisy",2
"none",4
"nonprofit",3
"nonsense",2
"noodle",2
"noodles",3
"noon",6
"nope",4
"nor",12
"normal",14
"normally",3
"norml",2
"north",15
"northeast",2
"northern",3
"norwalk",2
"nose",3
"not",403
"note",10
"notebook",5
"noted",6
"notes",8
"nothing",23
"notice",5
"noticeable",2
"noticed",7
"noting",2
"notion",2
"nottingham",2
"nov",8
"novel",9
"novels",4
"november",5
"now",160
"nowplaying",2
"npr",2
"nuclear",6
"nucleus",2
"nuggets",2
"number",29
"numbers",7
"nurse",2
"nurses",2
"nuts",4
"nyc",3
"oaks",3
"obama",19
"obamas",2
"object",4
"objective",4
"objects",5
"observations",2
"observers",2
"obsessed",3
"obstacles",2
"obvious",4
"obviously",5
"occasionally",3
"occupied",4
"occupy",2
"occur",2
"occurred",2
"ocean",2
"oct",3
"october",4
"odd",4
"odds",3
"oden",3
"ofallon",3
"off",113
"offender",2
"offenders",2
"offense",7
"offenses",2
"offensive",3
"offer",11
"offered",7
"offering",7
"offers",4
"office",37
"officer",11
"officers",12
"offices",2
"official",10
"officially",4
"officials",23
"offseason",2
"often",11
"ohio",9
"oil",22
"okay",15
"okc",2
"okeefe",2
"oklahoma",2
"old",41
"older",5
"ole",3
"oleuropein",2
"olive",3
"olives",2
"olney",3
"olympic",2
"omg",13
"once",37
"one",303
"ones",10
"onethird",2
"onions",2
"online",22
"only",128
"onto",10
"onwards",2
"oomf",4
"open",30
"opened",11
"opener",2
"opening",15
"operate",3
"operating",4
"operations",5
"opinion",3
"opponents",3
"opportunities",3
"opportunity",21
"oppose",2
"opposed",3
"opposite",3
"opposition",3
"opted",2
"optics",2
"option",2
"options",4
"orange",11
"oranges",2
"orchestra",3
"order",16
"ordered",2
"ordering",2
"orders",2
"ordinary",2
"oregon",5
"organic",5
"organised",2
"organization",7
"organizations",4
"organize",2
"organizes",2
"oriented",2
"original",9
"originality",2
"originally",3
"orioles",2
"orlando",2
"orleans",2
"osama",2
"oscar",3
"osu",3
"other",146
"others",32
"otherwise",7
"ought",4
"our",195
"ours",4
"ourselves",11
"out",314
"outcome",3
"outdoor",3
"outfield",2
"outfit",2
"outlaw",2
"output",4
"outside",26
"outstanding",3
"outta",2
"outward",2
"ova",2
"ovation",2
"oven",6
"over",109
"overall",8
"overcame",2
"overheard",2
"overnight",4
"overseas",2
"overseeing",2
"oversight",2
"overtime",5
"overwhelmed",4
"own",59
"owned",2
"owner",6
"owners",8
"owns",3
"oxygen",2
"pablo",3
"pace",6
"pacific",3
"pack",5
"package",5
"packed",4
"packer",3
"packers",3
"packing",2
"pad",3
"paddy",2
"pads",2
"page",14
"pages",6
"paid",12
"pain",11
"painful",4
"pains",2
"paint",7
"painting",7
"paintings",2
"paints",2
"pair",6
"pakistan",5
"pale",3
"palette",2
"pampered",2
"panel",7
"paneling",2
"pants",3
"papa",2
"paper",19
"papers",5
"parade",3
"paramsid",2
"parent",5
"parents",18
"paris",3
"park",20
"parker",2
"parking",3
"parks",2
"parliamentary",2
"parma",5
"parsley",2
"part",51
"partially",2
"participants",5
"participate",2
"participated",2
"particular",4
"particularly",4
"parties",8
"partisan",3
"partner",5
"partners",5
"partnership",2
"parts",12
"party",36
"partys",2
"pass",11
"passed",10
"passengers",2
"passes",5
"passing",4
"passion",3
"passionate",4
"passions",2
"past",34
"pastor",6
"pastors",2
"pat",2
"patan",2
"path",6
"pathetic",2
"paths",2
"patience",3
"patient",4
"patiently",3
"patients",4
"patricia",2
"patrick",9
"patrol",5
"pats",4
"pattern",5
"patterns",2
"patton",2
"paul",8
"paused",2
"pavilion",3
"pay",25
"paying",6
"payment",5
"payments",4
"payroll",2
"pays",2
"pdt",2
"pea",2
"peace",6
"peaceful",2
"peak",4
"peaks",2
"peanut",3
"pearl",2
"pederson",2
"peel",2
"pelvis",2
"pen",3
"penalties",2
"penalty",2
"pending",3
"penetrate",2
"penguins",2
"penn",2
"pennsylvania",2
"people",153
"peoples",5
"pepper",5
"per",15
"percent",26
"perception",2
"perfect",23
"perfectly",2
"perform",7
"performance",8
"performed",4
"performers",3
"performing",3
"perhaps",12
"period",5
"permanent",3
"permission",6
"perseus",2
"person",44
"personal",9
"personalities",3
"personality",2
"personally",9
"personnel",2
"persons",5
"perspective",4
"pet",2
"pete",3
"peter",8
"peters",2
"petty",3
"pew",2
"peyton",4
"phase",2
"phenomenal",3
"philadelphia",4
"phillips",4
"phoenix",8
"phone",38
"phones",4
"photo",4
"photography",2
"photos",8
"phrase",2
"physical",4
"piano",2
"pic",3
"pick",17
"picked",8
"picking",8
"picks",2
"picture",14
"pictures",9
"pie",5
"piece",14
"pieces",11
"pierced",2
"pig",2
"pillow",4
"pin",4
"pinch",4
"pink",10
"pinning",2
"pins",2
"pioneer",3
"pissed",2
"pisses",2
"pitch",4
"pity",2
"pizza",5
"place",44
"placed",5
"places",12
"plain",5
"plainly",2
"plaintiffs",3
"plan",29
"plane",5
"planet",4
"planned",8
"planners",2
"planning",9
"plans",16
"plant",9
"planted",2
"plants",6
"plastic",2
"plate",7
"plates",2
"play",54
"played",18
"player",10
"players",20
"playin",2
"playing",26
"playoff",5
"playoffs",2
"plays",9
"plea",4
"pleasant",3
"pleasantly",2
"please",53
"pleased",3
"pleasure",5
"plenty",5
"plot",6
"plough",2
"plug",2
"plummeted",2
"plus",12
"plymouth",2
"pocket",3
"podge",2
"poe",4
"poetry",2
"point",45
"pointed",2
"points",9
"poison",2
"poisoned",3
"poker",4
"poking",2
"polar",2
"pole",2
"police",32
"policies",4
"policy",5
"polish",3
"political",23
"politician",2
"politicians",4
"politics",5
"poll",2
"polls",3
"pollution",3
"pony",2
"pool",8
"poor",10
"poorly",5
"pop",12
"popcorn",5
"pope",2
"poppin",3
"pops",2
"popular",5
"popularity",2
"population",6
"porch",4
"pork",11
"port",4
"portable",3
"porter",5
"portfolio",2
"portion",2
"portions",3
"portland",9
"portrait",4
"portraits",3
"pose",3
"position",10
"positioned",2
"positive",9
"possession",3
"possibilities",2
"possible",12
"possibly",7
"post",18
"posted",9
"postgame",2
"posting",5
"postponed",4
"posts",3
"postural",2
"postures",2
"pot",3
"potato",2
"potential",12
"pound",3
"pounds",5
"pour",2
"pouring",2
"poverty",4
"powder",3
"powdercocaine",2
"power",28
"powerful",9
"powerfully",2
"powerless",2
"powerpoint",2
"ppl",6
"practicable",2
"practically",3
"practice",11
"practices",4
"praise",3
"pray",3
"prayer",3
"preach",2
"preachers",3
"precious",3
"predator",3
"predecessor",2
"prediction",2
"prefer",5
"preferred",3
"pregnancy",2
"pregnant",6
"preliminary",3
"premier",2
"premium",3
"premiums",2
"preparation",2
"prepare",3
"prepared",8
"preparing",2
"prepping",2
"pres",3
"presence",3
"present",12
"presentation",3
"presented",6
"presenting",4
"presently",2
"presents",2
"preserve",2
"president",29
"presidential",7
"press",8
"pressure",7
"presumably",2
"pretend",2
"pretty",49
"prevent",2
"prevention",2
"previous",9
"previously",3
"price",12
"priceless",2
"prices",11
"pride",3
"priest",2
"priests",2
"primarily",2
"primary",7
"prime",6
"princeton",3
"print",3
"printed",2
"printer",2
"prints",3
"prior",2
"priorities",2
"prison",10
"privacy",2
"private",6
"prize",4
"proactively",2
"prob",2
"probably",28
"problem",27
"problems",9
"proceeds",2
"process",12
"processes",2
"produce",7
"produced",4
"producer",2
"producers",2
"producing",2
"product",11
"production",9
"productive",2
"products",12
"professional",5
"professionals",2
"professor",4
"profile",5
"profits",3
"program",19
"programs",16
"progress",8
"progressive",3
"project",21
"projection",2
"projects",13
"promise",5
"promised",3
"prone",3
"proof",3
"proper",3
"properly",2
"property",5
"proposal",7
"proposed",2
"prosecution",2
"prosecutors",12
"prospects",2
"protect",10
"protecting",3
"protection",4
"protest",2
"proud",10
"proudly",3
"prove",4
"proved",3
"proverbial",2
"provide",14
"provided",6
"provider",2
"provides",7
"providing",2
"provisions",2
"provoked",2
"psalm",4
"public",44
"published",6
"publisher",2
"publishers",2
"publishing",7
"puck",4
"pull",10
"pulled",12
"pulling",4
"pumped",3
"pumpkin",2
"punch",5
"punched",2
"punished",2
"punkd",2
"puppeteers",2
"puppies",2
"purchase",6
"purchased",4
"purchasing",2
"pure",3
"purely",3
"purple",11
"purpose",5
"purposes",6
"purse",3
"pursue",3
"push",5
"pushed",3
"pushing",2
"pussy",3
"put",47
"putin",2
"puts",9
"putting",12
"puzzles",2
"qualified",3
"qualify",2
"quality",12
"quarter",6
"quarterback",2
"quarterbacks",3
"quartet",2
"queen",2
"question",26
"questioned",2
"questions",9
"quiche",3
"quick",12
"quicker",2
"quickly",8
"quiet",4
"quietly",2
"quigley",2
"quilt",2
"quinn",2
"quit",6
"quite",15
"quote",6
"rabbi",2
"race",16
"raced",2
"races",3
"racial",2
"racing",4
"racked",2
"radical",2
"radio",12
"radioactive",2
"rage",3
"raiders",2
"rail",5
"rain",12
"raining",3
"rainy",2
"raise",15
"raised",6
"raises",2
"raising",4
"rally",3
"ralph",2
"ramos",2
"ran",15
"ranch",4
"rand",3
"random",6
"randomly",2
"range",9
"rangers",3
"ranked",4
"ranking",3
"rant",3
"rap",2
"rape",2
"rapidly",2
"rare",3
"rarely",4
"rat",2
"rate",7
"rates",6
"rather",25
"rating",7
"ratio",2
"rational",2
"rats",2
"rattle",2
"raw",5
"ray",3
"rbi",2
"reach",16
"reached",8
"reaches",2
"reaching",2
"react",5
"reacting",2
"reaction",4
"read",38
"reader",2
"readers",8
"reading",23
"reads",3
"ready",38
"real",32
"realestate",2
"reality",10
"realize",2
"realized",10
"really",115
"rear",3
"reason",16
"reasonable",6
"reasons",14
"rebecca",2
"recalled",4
"recalling",3
"receive",5
"received",13
"receiver",3
"receives",2
"recent",16
"recently",11
"recession",3
"recessions",2
"recipe",7
"recipes",4
"recognition",2
"recognize",5
"recommend",10
"recommendations",2
"recommended",2
"record",14
"recorded",4
"recording",2
"records",10
"recovered",2
"recovery",4
"recruit",2
"recycling",2
"red",17
"redd",3
"redfern",2
"reduced",5
"reducing",2
"reduction",2
"refer",4
"referendum",2
"referred",3
"refers",2
"reflects",2
"reforms",3
"refrigerate",2
"refrigerator",2
"refs",2
"refuse",4
"refused",4
"refuses",2
"regarding",6
"regardless",2
"regards",2
"region",4
"regional",7
"register",5
"registered",3
"registration",2
"regret",4
"regular",11
"regularly",2
"regulation",2
"rejected",2
"related",9
"relations",4
"relationship",9
"relationships",7
"relatives",3
"relax",2
"relaxed",2
"release",17
"released",7
"releasing",2
"relevant",3
"relied",3
"relief",6
"relieved",2
"religious",4
"relocate",2
"rely",5
"relying",2
"remained",3
"remaining",2
"remains",8
"remarkable",2
"remarks",2
"rembrandtplein",2
"remember",27
"remembered",6
"reminded",4
"reminder",7
"reminds",6
"remove",5
"removed",5
"renacci",2
"rent",3
"rental",3
"reorganization",2
"rep",3
"repair",4
"repay",2
"repeat",3
"repeatedly",3
"replace",6
"replaced",6
"replacement",2
"replied",4
"replies",2
"reply",4
"report",13
"reported",9
"reportedly",3
"reporter",3
"reporters",6
"reporting",5
"reports",6
"represent",2
"representatives",6
"representing",2
"republic",2
"republican",9
"republicans",9
"request",7
"require",8
"required",10
"requires",2
"rescue",3
"research",20
"researched",2
"researchers",5
"reservations",2
"reserved",2
"resident",2
"residential",4
"residents",12
"resigned",2
"resist",3
"resistance",3
"resolved",4
"resort",3
"resources",4
"respect",8
"respond",4
"responded",9
"responding",2
"response",6
"responsibility",3
"responsible",3
"rest",21
"restaurant",7
"restaurants",6
"restored",2
"restraints",2
"result",7
"resulted",4
"results",11
"resume",2
"retail",4
"retailer",2
"retired",3
"retirement",3
"retiring",5
"return",7
"returned",5
"returning",5
"retweet",5
"rev",2
"reveal",2
"revealed",2
"reveals",3
"revenue",7
"reverse",4
"review",11
"reviews",5
"rewind",2
"rey",2
"rhubarb",3
"ribbon",2
"ribs",3
"rice",12
"rich",9
"richard",5
"rick",2
"rid",4
"ride",5
"rides",2
"ridiculous",2
"riding",4
"rifles",2
"right",120
"rights",16
"riley",5
"rims",2
"ring",9
"rings",7
"rio",2
"rip",8
"ripe",2
"rise",5
"rising",2
"risk",6
"risks",3
"ritz",2
"river",4
"rivers",2
"riverside",2
"road",24
"roads",8
"roasted",2
"robbery",4
"robbins",2
"roberson",2
"robert",3
"robertson",2
"robinson",2
"robust",3
"rock",17
"rocket",2
"rockin",2
"rocking",2
"rocks",4
"rocky",3
"rod",2
"rodgers",3
"rodriguez",2
"roger",3
"rogers",2
"role",11
"roll",6
"rolled",4
"rolling",2
"rolls",2
"roman",3
"romney",10
"ron",3
"roof",6
"rookie",2
"rookies",2
"room",45
"rooms",4
"roosevelt",2
"rooting",2
"roots",4
"rope",2
"rory",3
"rose",20
"rosemary",2
"ross",3
"rouge",2
"rough",4
"round",13
"rounds",3
"route",5
"routes",3
"routine",4
"row",5
"rowan",2
"rowley",2
"royal",2
"royals",3
"rting",2
"rts",2
"rub",3
"rubber",3
"ruin",2
"rule",7
"ruled",5
"rules",7
"ruling",3
"run",38
"runner",4
"runners",3
"running",13
"runs",7
"runway",2
"rush",4
"russell",2
"russia",4
"russo",3
"rusty",2
"rutgers",3
"ryan",5
"ryann",2
"saa",2
"sabbath",3
"sacks",2
"sacred",4
"sacrifice",2
"sad",8
"sadly",4
"sadness",2
"safe",8
"safely",2
"safety",9
"said",312
"saint",4
"sake",3
"salad",2
"salary",5
"sale",12
"sales",18
"salihovic",2
"salle",2
"salmon",4
"salon",3
"salsa",3
"salt",10
"salvation",2
"sam",6
"same",63
"samesex",3
"sams",2
"san",16
"sanctuary",2
"sanded",2
"sandwich",2
"sang",4
"santa",4
"sara",2
"sarah",6
"sarkozy",3
"sat",14
"saturated",2
"saturday",27
"saturdays",4
"sauce",5
"saucepan",2
"sausage",2
"save",11
"saved",6
"saving",4
"savings",3
"saw",34
"sax",2
"say",99
"saying",36
"says",56
"scaler",2
"scan",2
"scandals",2
"scare",2
"scared",3
"scene",16
"schaefer",2
"schedule",6
"scheme",3
"schiano",2
"scholar",2
"scholarship",4
"school",72
"schools",15
"schuller",2
"science",4
"sciences",2
"scientific",3
"scientists",2
"score",8
"scored",4
"scores",3
"scoring",7
"scott",6
"scouting",2
"scratch",2
"scream",4
"screaming",3
"screen",6
"screw",4
"script",11
"scripts",2
"scroll",2
"sculptures",2
"sea",5
"sean",2
"seans",2
"search",5
"searched",2
"searching",2
"season",44
"seasonal",2
"seasons",6
"seat",7
"seats",8
"seattle",2
"sebastian",2
"second",39
"secondary",2
"seconds",4
"secret",12
"section",3
"sector",2
"security",15
"see",139
"seed",3
"seeing",19
"seek",6
"seeking",7
"seem",10
"seemed",17
"seemingly",2
"seems",13
"seen",30
"sees",4
"segment",3
"segments",2
"selected",5
"selection",2
"self",5
"sell",10
"selling",6
"semester",3
"sen",2
"senate",3
"senators",2
"send",16
"sending",3
"senior",13
"sense",19
"sent",6
"sentence",4
"sentimental",2
"separate",6
"sept",6
"september",5
"sequel",2
"serial",2
"series",25
"serious",10
"seriously",13
"sermon",2
"serve",10
"served",6
"server",3
"serves",2
"service",18
"services",17
"serving",7
"session",6
"sessions",2
"set",47
"sets",2
"setting",14
"settled",4
"seven",13
"several",22
"severe",3
"severely",2
"sex",12
"sexual",2
"sexually",2
"sexy",4
"sgt",2
"shades",2
"shafer",2
"shag",2
"shake",4
"shaken",3
"shakes",2
"shakespeare",2
"shall",9
"shame",2
"shameless",3
"shane",2
"shape",4
"share",24
"shared",3
"shares",4
"sharing",8
"sharp",4
"shawn",4
"she",204
"shed",4
"sheer",2
"sheet",2
"shelby",2
"shell",4
"shelter",2
"shelves",2
"shera",2
"sheriff",3
"sheriffs",6
"sherwood",3
"shes",29
"shiffrin",2
"shift",4
"shifts",2
"shine",4
"shining",3
"shiny",3
"ship",5
"shipping",2
"shirt",2
"shirts",2
"shit",20
"shoes",7
"shoot",6
"shooting",6
"shop",10
"shopping",8
"shops",3
"shore",2
"short",19
"shorter",2
"shortly",6
"shot",10
"shots",4
"should",89
"shoulder",4
"shoulders",5
"shouldnt",6
"shout",6
"shoutout",3
"show",66
"showcase",6
"showed",9
"shower",5
"showing",5
"shown",6
"shows",14
"shut",9
"shy",2
"sick",17
"side",22
"sideb",2
"sides",6
"sidewalk",2
"sight",3
"sigma",3
"sign",8
"signal",3
"signals",4
"signature",2
"signed",2
"significant",9
"signing",4
"signings",2
"signs",11
"silence",8
"silent",3
"silly",2
"silver",8
"similar",7
"simon",3
"simple",9
"simply",15
"sin",2
"since",66
"sing",7
"singer",2
"singers",2
"singing",7
"single",15
"sink",2
"sir",5
"sister",13
"sisters",3
"sit",13
"site",14
"sites",7
"sits",3
"sitting",14
"situation",8
"situations",5
"six",26
"sixers",3
"size",10
"sized",2
"skill",2
"skills",4
"skin",5
"skinny",3
"skulls",2
"sky",8
"slacker",2
"slam",4
"sleater",2
"sleep",27
"sleeping",8
"slice",3
"slide",2
"slider",2
"slight",2
"slightly",7
"slipped",3
"slogan",3
"slow",7
"slowly",5
"smack",4
"small",29
"smaller",4
"smart",5
"smarter",4
"smh",2
"smile",9
"smiling",6
"smith",10
"smithville",2
"smoke",4
"smoked",3
"smokey",2
"smoking",4
"smooth",4
"snack",2
"snap",2
"snapping",2
"sneeze",4
"snoop",3
"snow",10
"soak",2
"soaked",2
"soaking",3
"soared",2
"soaring",3
"sober",2
"soccer",5
"social",23
"socialist",2
"societies",3
"society",6
"soda",2
"soft",2
"softened",2
"soil",2
"sol",2
"solar",2
"sold",6
"soldier",2
"solid",2
"solo",3
"solution",3
"solutions",3
"solve",3
"solved",2
"some",216
"somebody",8
"somehow",5
"someone",45
"something",73
"sometime",2
"sometimes",16
"somewhat",3
"somewhere",7
"son",20
"song",22
"songs",8
"songwriting",2
"sons",3
"soo",3
"soon",35
"sooo",2
"sophisticated",2
"sophomore",8
"sores",2
"sorrow",2
"sorry",17
"sort",5
"soul",4
"sound",10
"sounded",3
"sounds",15
"soup",6
"source",9
"sources",4
"south",21
"southern",7
"sow",2
"sowell",2
"sox",3
"soy",2
"spa",4
"space",18
"spaces",2
"spanish",6
"sparing",2
"sparkle",2
"sparkly",2
"speak",8
"speaker",3
"speaking",2
"spearheading",2
"special",16
"specialist",2
"specials",3
"specific",7
"specifics",3
"spectacular",2
"speculation",2
"speech",3
"speeches",3
"speed",4
"spell",4
"spencer",2
"spend",9
"spending",10
"spends",2
"spent",11
"spicy",3
"spinach",3
"spirit",10
"spirits",2
"spite",2
"split",4
"spoil",2
"spoke",7
"spokesman",3
"spokeswoman",4
"sponsor",3
"sponsors",2
"sport",10
"sports",2
"spot",9
"spotlight",2
"spotted",2
"spray",6
"spread",7
"spring",9
"sprouted",2
"square",7
"squeezing",2
"stadium",2
"staff",17
"staffers",2
"stage",15
"stages",5
"staggering",2
"stairs",2
"stake",2
"stakeholder",2
"stale",2
"stall",2
"stamp",3
"stamped",4
"stampin",2
"stamping",3
"stamps",4
"stances",2
"stand",16
"standard",3
"standardized",2
"standards",7
"standing",13
"stands",2
"staples",2
"star",17
"starbucks",2
"stare",3
"staring",2
"stark",3
"stars",9
"start",38
"started",30
"starters",3
"starting",12
"starts",16
"starving",2
"state",66
"stated",3
"statement",11
"statements",3
"states",24
"station",6
"stations",3
"status",14
"stay",31
"stayed",6
"staying",5
"stays",4
"steady",2
"steak",2
"steal",3
"stealing",2
"steep",3
"stem",4
"step",13
"stephen",3
"stepped",2
"steps",4
"steve",6
"stewart",2
"stick",3
"sticking",2
"sticks",2
"sticky",2
"stiff",2
"stifling",2
"still",124
"stirred",2
"stitchery",2
"stl",2
"stock",6
"stocks",2
"stoked",4
"stomach",6
"stone",3
"stood",5
"stop",30
"stopped",12
"stopping",5
"storage",4
"store",18
"stores",5
"storey",2
"stories",8
"storm",3
"storms",3
"story",34
"straight",16
"strain",2
"strange",5
"stranger",3
"strangers",2
"strapped",2
"strategy",3
"stray",3
"streak",2
"stream",4
"street",19
"streets",4
"strength",9
"stress",4
"stressed",3
"stretch",3
"stretched",2
"stretching",2
"strict",2
"strike",3
"striker",2
"string",3
"strip",3
"stroke",2
"stroll",3
"strong",17
"stronger",5
"strongly",2
"strongsville",3
"struck",6
"structure",5
"struggled",2
"struggling",5
"stuck",5
"student",17
"students",22
"studied",3
"studies",4
"studio",3
"studios",2
"study",16
"studying",3
"stuff",25
"stunning",2
"stupid",6
"style",11
"styles",3
"subject",15
"subjected",2
"submissive",4
"subpar",2
"subsequent",2
"substantially",2
"substitute",2
"subtle",3
"succeed",2
"success",22
"successes",2
"successful",12
"such",56
"suck",10
"sucked",3
"sucker",2
"sucks",4
"suddenly",6
"sue",2
"suey",2
"suffered",6
"suffering",2
"sugar",7
"suggest",7
"suggested",5
"suggestion",5
"suggestions",5
"suicide",3
"suit",6
"suites",2
"suits",3
"sullivan",3
"sullivans",2
"sum",3
"suma",2
"sumakwel",3
"summer",20
"summertime",2
"summoned",2
"sums",2
"sun",18
"sunday",20
"sundays",2
"sunny",2
"suns",2
"sunscreen",3
"sunset",4
"sunshine",3
"super",17
"superbowl",2
"superhero",2
"superintendent",3
"supervisor",2
"supper",2
"supplies",4
"supply",2
"support",28
"supported",3
"supporting",5
"supportive",2
"suppose",7
"supposed",15
"supposedly",3
"supreme",6
"sure",51
"surely",3
"surface",2
"surfaced",2
"surgery",5
"surging",2
"surprise",3
"surprised",4
"surprising",2
"surprisingly",5
"surrounded",2
"surrounding",2
"survey",3
"survival",2
"survive",4
"survived",2
"survivor",2
"susan",3
"sushi",7
"suspect",5
"suspended",3
"suspicion",4
"suspicious",2
"sustain",2
"sustainability",2
"sustainable",2
"sustained",2
"swag",2
"swear",5
"sweep",2
"sweeping",2
"sweet",13
"sweetness",2
"swimming",4
"swing",4
"switch",4
"sworn",2
"sxsw",4
"sydney",2
"syracuse",2
"syria",4
"system",16
"systems",5
"table",8
"tablespoons",2
"tablet",3
"tablets",4
"tacos",2
"tag",2
"take",90
"taken",12
"takes",14
"taking",23
"talent",6
"talented",2
"taliban",2
"talk",39
"talked",8
"talking",26
"talks",7
"tamal",2
"tampa",5
"tan",4
"tape",3
"tapes",3
"tar",4
"target",9
"targeting",2
"targets",2
"task",2
"taste",9
"tasted",2
"tasty",9
"taught",9
"tax",21
"taxable",3
"taxes",6
"taxi",2
"taxpayers",3
"taylor",3
"tea",3
"teach",3
"teacher",12
"teachers",6
"teaching",5
"teacup",4
"team",48
"teammate",2
"teammates",2
"teams",12
"tear",4
"tebow",4
"tech",7
"technique",3
"technologies",2
"technology",7
"teen",5
"teenage",2
"teenager",2
"teens",2
"teeth",2
"telephone",2
"television",9
"televison",10
"tell",43
"telling",7
"tells",7
"temp",2
"temperature",4
"temperatures",3
"temple",2
"temporary",3
"temptation",2
"tempting",2
"ten",3
"tend",6
"tender",3
"tenderloin",3
"tennessee",5
"tenure",3
"tequila",2
"teresa",2
"term",8
"terminal",2
"terms",7
"terrence",2
"terrible",5
"terrified",4
"terror",3
"terry",2
"test",10
"testified",2
"testimony",2
"testing",3
"tests",3
"texas",13
"text",13
"texted",5
"thailand",3
"thais",2
"than",146
"thank",41
"thankful",3
"thankfulness",4
"thanks",123
"thanksgiving",2
"thanx",2
"that",1052
"thatd",2
"thats",91
"the",4774
"theater",9
"theaters",3
"theatre",7
"theft",3
"their",175
"theirs",2
"them",153
"theme",4
"themed",2
"themes",2
"themselves",18
"then",136
"thence",2
"thenchief",2
"theory",6
"therapy",3
"there",194
"therefore",3
"theres",30
"these",84
"they",330
"theyd",4
"theyll",4
"theyre",36
"theyve",5
"thick",3
"thin",4
"thing",53
"things",88
"think",122
"thinking",14
"thinks",5
"third",19
"this",531
"thnx",2
"tho",4
"thomas",5
"thompson",4
"those",84
"though",50
"thought",42
"thoughts",8
"thousand",3
"thousands",3
"thread",3
"threat",2
"three",50
"threecylinder",2
"threw",3
"thrilled",2
"thriving",2
"through",78
"throughout",13
"throw",12
"throwing",7
"thrown",2
"thru",4
"thug",2
"thunder",2
"thursday",21
"thursdays",2
"thus",5
"thx",5
"ticket",10
"tickets",12
"tie",2
"tied",3
"tiedens",2
"tigers",2
"tight",3
"tightly",2
"til",5
"tiles",2
"till",8
"tim",12
"time",194
"timeout",2
"times",38
"timing",2
"tin",2
"tiny",4
"tip",5
"tips",4
"tired",17
"tires",2
"title",14
"titles",2
"today",105
"todays",10
"toddler",3
"todo",4
"tofu",3
"together",31
"toilet",2
"told",47
"tolkien",3
"tom",6
"tomato",2
"tomatoes",2
"tomes",2
"tomorrow",35
"ton",2
"tone",2
"toni",2
"tonight",49
"tonights",4
"tonite",4
"tons",3
"tony",9
"too",133
"took",36
"tool",5
"tools",2
"top",37
"topic",2
"topol",2
"topped",3
"tore",4
"tori",2
"torn",4
"tortured",2
"toss",2
"total",3
"totaling",4
"totally",7
"touch",9
"touchdown",4
"touchdowns",2
"touched",2
"touching",2
"tough",8
"tour",4
"touring",2
"tourism",2
"tournament",5
"toward",12
"towards",6
"tower",2
"towers",3
"town",26
"township",4
"toxic",5
"toy",3
"toys",3
"track",8
"trade",8
"traders",2
"trading",2
"traditional",3
"traffic",9
"trafficking",2
"train",9
"training",14
"transfer",2
"transferred",3
"transformed",2
"transforms",2
"transit",4
"transition",2
"translate",2
"transmitted",3
"transparency",2
"transport",3
"transportation",2
"travel",9
"traveling",7
"travis",2
"treat",3
"treated",2
"treatment",5
"treats",2
"tree",11
"trees",4
"tremble",2
"tremendous",3
"trend",4
"trending",3
"trendy",2
"trenton",4
"trespassing",2
"trial",2
"trials",2
"tribune",3
"trick",3
"tried",18
"trillion",2
"trilogy",2
"trip",14
"tripe",2
"triple",7
"troops",3
"trouble",7
"trout",2
"truck",4
"trucks",3
"true",24
"truly",7
"trust",12
"trusted",2
"trustworthy",2
"truth",9
"truths",2
"try",41
"trying",31
"tryna",2
"tsunami",3
"tube",2
"tucked",2
"tues",2
"tuesday",12
"tuesdays",2
"tuffy",2
"tumor",2
"tune",8
"tuned",7
"tupac",2
"turkey",5
"turn",13
"turned",17
"turner",3
"turning",3
"turnitin",2
"turns",4
"turquoise",2
"turtle",3
"tutorial",2
"tutorials",2
"tweaks",2
"tweet",18
"tweeted",2
"tweetin",2
"tweeting",2
"tweets",18
"twenty",5
"twice",10
"twin",2
"twins",6
"twist",2
"twitter",28
"two",109
"twothirds",2
"tying",2
"tyler",4
"type",10
"types",6
"typical",2
"typically",5
"tyrion",3
"ucla",2
"uecker",2
"ugg",2
"ugh",3
"ugliness",2
"ugly",3
"ukraine",2
"ultimate",3
"ultimately",4
"umdnj",2
"ummm",2
"unable",7
"unafraid",2
"unavailable",3
"uncle",2
"uncommon",2
"under",32
"underestimate",2
"undergo",2
"understand",21
"understanding",3
"understands",4
"understood",5
"underwater",2
"undisclosed",2
"unemployment",2
"unexpected",2
"unfinished",4
"unfortunate",2
"unfortunately",7
"uniforms",3
"union",11
"unions",5
"uniontown",2
"unique",2
"unit",4
"united",9
"units",3
"universe",6
"university",24
"unknown",4
"unless",4
"unlike",4
"unlikely",2
"unreasonable",2
"until",49
"unusual",2
"unwise",3
"upcoming",6
"update",4
"updates",4
"upgrade",3
"upon",15
"upset",5
"urban",4
"urged",2
"urgency",3
"urging",2
"url",2
"usa",4
"usborn",2
"use",58
"used",48
"user",5
"username",2
"users",5
"uses",2
"using",26
"usual",3
"usually",18
"utilize",3
"utter",3
"uwm",3
"vacation",6
"vain",2
"valentines",3
"valley",4
"valuable",2
"value",7
"valued",3
"vampires",3
"van",4
"vanguardia",2
"varied",2
"variety",6
"various",8
"vase",3
"vdl",2
"vegan",3
"vegas",7
"vegetables",2
"vehicle",6
"vehicles",6
"velvet",2
"vendors",6
"venture",2
"verge",3
"vermilion",2
"version",13
"very",94
"veterans",6
"via",13
"vice",6
"victims",5
"victory",4
"video",25
"videos",7
"vietnamese",2
"view",18
"viewing",4
"views",5
"vikings",3
"village",4
"vince",2
"violates",2
"violence",6
"violent",2
"vip",5
"virginia",3
"virtually",2
"virus",4
"visible",3
"vision",3
"visit",13
"visitation",2
"visited",2
"visiting",5
"visitors",2
"visual",3
"visualize",2
"vocal",2
"vocals",3
"voice",14
"volunteer",3
"vote",8
"voted",2
"voter",2
"voters",4
"votes",5
"voting",3
"vulnerable",2
"wade",3
"wait",37
"waited",4
"waiter",3
"waiting",13
"waits",2
"wake",10
"walk",21
"walked",9
"walker",2
"walking",13
"walks",5
"wall",12
"wallet",2
"walmart",4
"walnut",2
"wandered",2
"wanna",13
"want",134
"wanted",33
"wanting",4
"wants",15
"war",16
"ward",2
"wardrobe",2
"warehouse",2
"warhol",2
"warm",7
"warmed",3
"warmer",3
"warner",2
"warning",5
"warrant",2
"warwick",2
"was",619
"washington",21
"wasnt",24
"waste",3
"wasting",2
"watch",33
"watched",8
"watching",23
"water",36
"waters",3
"watson",2
"waving",2
"wax",2
"way",119
"wayne",3
"ways",13
"wealth",2
"weapons",3
"wear",7
"wearing",8
"weather",11
"web",7
"webb",2
"website",9
"websites",3
"wed",8
"wedding",5
"wednesday",14
"weeds",2
"week",78
"weekend",35
"weekends",2
"weekly",6
"weeks",26
"weight",13
"weights",2
"weird",3
"welcome",16
"welfare",2
"well",110
"wells",2
"wen",2
"went",43
"were",214
"werent",8
"west",17
"westbrook",2
"western",7
"westfield",3
"wet",5
"weve",15
"what",272
"whatever",11
"whats",26
"wheat",4
"when",268
"whenever",7
"where",92
"wherever",2
"whether",11
"which",112
"whichever",2
"while",86
"whisk",3
"whiskey",2
"whisper",3
"white",28
"whitney",3
"who",239
"whole",22
"whom",3
"whos",4
"whose",11
"why",71
"wicked",2
"wide",8
"widely",3
"width",2
"wielded",2
"wife",13
"wild",11
"will",339
"william",3
"williams",5
"willing",8
"willingly",2
"wilson",2
"win",30
"wind",6
"winding",2
"window",9
"windows",4
"winds",2
"wine",14
"wines",3
"wing",2
"wings",4
"winner",6
"winners",3
"winning",11
"wins",8
"winter",7
"wireless",4
"wisconsin",5
"wisdom",4
"wise",3
"wish",15
"wished",4
"wishes",4
"wit",5
"with",692
"witherspoon",3
"within",15
"without",47
"witness",4
"witnessed",2
"woke",7
"woman",12
"women",25
"womens",4
"won",15
"wonder",4
"wondered",4
"wonderful",13
"wondering",6
"wont",25
"woo",2
"wood",7
"wooden",3
"woods",6
"wool",2
"word",23
"words",20
"wore",4
"work",112
"worked",27
"worker",5
"workers",12
"working",34
"workout",2
"workouts",2
"works",23
"workshop",2
"world",58
"worlds",3
"worldwide",2
"worried",4
"worrisome",2
"worry",3
"worse",7
"worship",4
"worst",16
"worth",15
"would",195
"wouldnt",13
"wouldve",6
"wound",3
"wounded",2
"wow",17
"wrap",3
"wrestle",2
"wrist",5
"write",19
"writer",7
"writers",3
"writes",4
"writing",25
"written",17
"wrong",19
"wrote",21
"wtf",5
"xbox",3
"xmas",2
"yahoo",4
"yall",4
"yank",2
"yard",10
"yards",10
"yardstick",2
"yay",6
"yea",9
"yeah",22
"year",123
"yearold",10
"years",103
"yemeni",2
"yep",6
"yes",46
"yesterday",12
"yet",39
"yield",4
"yoga",4
"yogurt",2
"york",15
"yorkers",2
"yorkshire",2
"you",926
"youd",8
"youll",13
"young",18
"younger",3
"youngest",2
"your",309
"youre",54
"yours",7
"yourself",11
"youth",2
"youtube",10
"youu",3
"youve",13
"zach",3
"zap",2
"zero",3
"zeus",7
"zimmerman",2
"zip",2
"zombie",2
"zone",5
"zoo",3
